[{"model": "enderecos.regiao", "pk": 1, "fields": {"nome": "Norte", "codigo": "1"}}, {"model": "enderecos.regiao", "pk": 2, "fields": {"nome": "Nordeste", "codigo": "2"}}, {"model": "enderecos.regiao", "pk": 3, "fields": {"nome": "Sudeste", "codigo": "3"}}, {"model": "enderecos.regiao", "pk": 4, "fields": {"nome": "Sul", "codigo": "4"}}, {"model": "enderecos.regiao", "pk": 5, "fields": {"nome": "Centro-Oeste", "codigo": "5"}}, {"model": "enderecos.estado", "pk": 11, "fields": {"nome": "Rond\u00f4nia", "sigla": "RO", "codigo": "11", "regiao": 1}}, {"model": "enderecos.estado", "pk": 12, "fields": {"nome": "Acre", "sigla": "AC", "codigo": "12", "regiao": 1}}, {"model": "enderecos.estado", "pk": 13, "fields": {"nome": "Amazonas", "sigla": "AM", "codigo": "13", "regiao": 1}}, {"model": "enderecos.estado", "pk": 14, "fields": {"nome": "Roraima", "sigla": "RR", "codigo": "14", "regiao": 1}}, {"model": "enderecos.estado", "pk": 15, "fields": {"nome": "Par\u00e1", "sigla": "PA", "codigo": "15", "regiao": 2}}, {"model": "enderecos.estado", "pk": 16, "fields": {"nome": "Amap\u00e1", "sigla": "AP", "codigo": "16", "regiao": 1}}, {"model": "enderecos.estado", "pk": 17, "fields": {"nome": "Tocantins", "sigla": "TO", "codigo": "17", "regiao": 1}}, {"model": "enderecos.estado", "pk": 21, "fields": {"nome": "Maranh\u00e3o", "sigla": "MA", "codigo": "21", "regiao": 2}}, {"model": "enderecos.estado", "pk": 22, "fields": {"nome": "Piau\u00ed", "sigla": "PI", "codigo": "22", "regiao": 2}}, {"model": "enderecos.estado", "pk": 23, "fields": {"nome": "Cear\u00e1", "sigla": "CE", "codigo": "23", "regiao": 2}}, {"model": "enderecos.estado", "pk": 24, "fields": {"nome": "Rio Grande do Norte", "sigla": "RN", "codigo": "24", "regiao": 2}}, {"model": "enderecos.estado", "pk": 25, "fields": {"nome": "Para\u00edba", "sigla": "PB", "codigo": "25", "regiao": 2}}, {"model": "enderecos.estado", "pk": 26, "fields": {"nome": "Pernambuco", "sigla": "PE", "codigo": "26", "regiao": 2}}, {"model": "enderecos.estado", "pk": 27, "fields": {"nome": "Alagoas", "sigla": "AL", "codigo": "27", "regiao": 2}}, {"model": "enderecos.estado", "pk": 28, "fields": {"nome": "Sergipe", "sigla": "SE", "codigo": "28", "regiao": 2}}, {"model": "enderecos.estado", "pk": 29, "fields": {"nome": "Bahia", "sigla": "BA", "codigo": "29", "regiao": 2}}, {"model": "enderecos.estado", "pk": 31, "fields": {"nome": "Minas Gerais", "sigla": "MG", "codigo": "31", "regiao": 3}}, {"model": "enderecos.estado", "pk": 32, "fields": {"nome": "Esp\u00edrito Santo", "sigla": "ES", "codigo": "32", "regiao": 3}}, {"model": "enderecos.estado", "pk": 33, "fields": {"nome": "Rio de Janeiro", "sigla": "RJ", "codigo": "33", "regiao": 3}}, {"model": "enderecos.estado", "pk": 35, "fields": {"nome": "S\u00e3o Paulo", "sigla": "SP", "codigo": "35", "regiao": 3}}, {"model": "enderecos.estado", "pk": 41, "fields": {"nome": "Paran\u00e1", "sigla": "PR", "codigo": "41", "regiao": 4}}, {"model": "enderecos.estado", "pk": 42, "fields": {"nome": "Santa Catarina", "sigla": "SC", "codigo": "42", "regiao": 4}}, {"model": "enderecos.estado", "pk": 43, "fields": {"nome": "Rio Grande do Sul", "sigla": "RS", "codigo": "43", "regiao": 4}}, {"model": "enderecos.estado", "pk": 50, "fields": {"nome": "Mato Grosso do Sul", "sigla": "MS", "codigo": "50", "regiao": 5}}, {"model": "enderecos.estado", "pk": 51, "fields": {"nome": "Mato Grosso", "sigla": "MT", "codigo": "51", "regiao": 5}}, {"model": "enderecos.estado", "pk": 52, "fields": {"nome": "Goi\u00e1s", "sigla": "GO", "codigo": "52", "regiao": 5}}, {"model": "enderecos.estado", "pk": 53, "fields": {"nome": "Distrito Federal", "sigla": "DF", "codigo": "53", "regiao": 5}}]
